{"name": "DT", "V": 62, "E": 180, "F": 120, "chi": 2, "coords": [[0.0, -0.5257311121191336, -0.85065080835204], [-0.5257311121191336, -0.85065080835204, 0.0], [-0.85065080835204, 0.0, -0.5257311121191336], [0.0, -0.5257311121191336, 0.85065080835204], [-0.5257311121191336, 0.85065080835204, 0.0], [-0.85065080835204, 0.0, 0.5257311121191336], [0.0, 0.5257311121191336, -0.85065080835204], [0.5257311121191336, -0.85065080835204, 0.0], [0.85065080835204, 0.0, -0.5257311121191336], [0.0, 0.5257311121191336, 0.85065080835204], [0.5257311121191336, 0.85065080835204, 0.0], [0.85065080835204, 0.0, 0.5257311121191336], [-0.5773502691896258, -0.5773502691896258, -0.5773502691896258], [0.0, -0.9341723589627157, -0.35682208977308993], [-0.35682208977308993, 0.0, -0.9341723589627157], [0.35682208977308993, 0.0, -0.9341723589627157], [0.5773502691896258, -0.5773502691896258, -0.5773502691896258], [-0.9341723589627157, -0.35682208977308993, 0.0], [-0.5773502691896258, -0.5773502691896258, 0.5773502691896258], [0.0, -0.9341723589627157, 0.35682208977308993], [-0.9341723589627157, 0.35682208977308993, 0.0], [-0.5773502691896258, 0.5773502691896258, -0.5773502691896258], [-0.35682208977308993, 0.0, 0.9341723589627157], [0.5773502691896258, -0.5773502691896258, 0.5773502691896258], [0.35682208977308993, 0.0, 0.9341723589627157], [-0.5773502691896258, 0.5773502691896258, 0.5773502691896258], [0.0, 0.9341723589627157, -0.35682208977308993], [0.0, 0.9341723589627157, 0.35682208977308993], [0.5773502691896258, 0.5773502691896258, -0.5773502691896258], [0.9341723589627157, -0.35682208977308993, 0.0], [0.9341723589627157, 0.35682208977308993, 0.0], [0.5773502691896258, 0.5773502691896258, 0.5773502691896258], [-0.3090169943749474, -0.8090169943749473, -0.5], [-0.5000000000000001, -0.30901699437494745, -0.8090169943749475], [0.0, 0.0, -1.0], [0.3090169943749474, -0.8090169943749473, -0.5], [0.5000000000000001, -0.30901699437494745, -0.8090169943749475], [-0.8090169943749475, -0.5000000000000001, -0.30901699437494745], [-0.3090169943749474, -0.8090169943749473, 0.5], [-0.8090169943749475, -0.5000000000000001, 0.30901699437494745], [0.0, -1.0, 0.0], [-0.8090169943749475, 0.5000000000000001, -0.30901699437494745], [-1.0, 0.0, 0.0], [-0.5000000000000001, 0.30901699437494745, -0.8090169943749475], [-0.5000000000000001, -0.30901699437494745, 0.8090169943749475], [0.3090169943749474, -0.8090169943749473, 0.5], [0.0, 0.0, 1.0], [0.5000000000000001, -0.30901699437494745, 0.8090169943749475], [-0.8090169943749475, 0.5000000000000001, 0.30901699437494745], [-0.3090169943749474, 0.8090169943749473, -0.5], [-0.3090169943749474, 0.8090169943749473, 0.5], [0.0, 1.0, 0.0], [-0.5000000000000001, 0.30901699437494745, 0.8090169943749475], [0.5000000000000001, 0.30901699437494745, -0.8090169943749475], [0.3090169943749474, 0.8090169943749473, -0.5], [0.8090169943749475, -0.5000000000000001, -0.30901699437494745], [0.8090169943749475, -0.5000000000000001, 0.30901699437494745], [0.8090169943749475, 0.5000000000000001, -0.30901699437494745], [1.0, 0.0, 0.0], [0.3090169943749474, 0.8090169943749473, 0.5], [0.5000000000000001, 0.30901699437494745, 0.8090169943749475], [0.8090169943749475, 0.5000000000000001, 0.30901699437494745]], "orbits": {"\u03b210": [0, 1, 2, 3, 4, 5, 6, 7, 8, 9, 10, 11], "\u03b26": [12, 13, 14, 15, 16, 17, 18, 19, 20, 21, 22, 23, 24, 25, 26, 27, 28, 29, 30, 31], "\u03b24": [32, 33, 34, 35, 36, 37, 38, 39, 40, 41, 42, 43, 44, 45, 46, 47, 48, 49, 50, 51, 52, 53, 54, 55, 56, 57, 58, 59, 60, 61]}, "edges": [[0, 12], [0, 13], [0, 14], [0, 15], [0, 16], [0, 32], [0, 33], [0, 34], [0, 35], [0, 36], [1, 12], [1, 13], [1, 17], [1, 18], [1, 19], [1, 32], [1, 37], [1, 38], [1, 39], [1, 40], [2, 12], [2, 14], [2, 17], [2, 20], [2, 21], [2, 33], [2, 37], [2, 41], [2, 42], [2, 43], [3, 18], [3, 19], [3, 22], [3, 23], [3, 24], [3, 38], [3, 44], [3, 45], [3, 46], [3, 47], [4, 20], [4, 21], [4, 25], [4, 26], [4, 27], [4, 41], [4, 48], [4, 49], [4, 50], [4, 51], [5, 17], [5, 18], [5, 20], [5, 22], [5, 25], [5, 39], [5, 42], [5, 44], [5, 48], [5, 52], [6, 14], [6, 15], [6, 21], [6, 26], [6, 28], [6, 34], [6, 43], [6, 49], [6, 53], [6, 54], [7, 13], [7, 16], [7, 19], [7, 23], [7, 29], [7, 35], [7, 40], [7, 45], [7, 55], [7, 56], [8, 15], [8, 16], [8, 28], [8, 29], [8, 30], [8, 36], [8, 53], [8, 55], [8, 57], [8, 58], [9, 22], [9, 24], [9, 25], [9, 27], [9, 31], [9, 46], [9, 50], [9, 52], [9, 59], [9, 60], [10, 26], [10, 27], [10, 28], [10, 30], [10, 31], [10, 51], [10, 54], [10, 57], [10, 59], [10, 61], [11, 23], [11, 24], [11, 29], [11, 30], [11, 31], [11, 47], [11, 56], [11, 58], [11, 60], [11, 61], [12, 32], [12, 33], [12, 37], [13, 32], [13, 35], [13, 40], [14, 33], [14, 34], [14, 43], [15, 34], [15, 36], [15, 53], [16, 35], [16, 36], [16, 55], [17, 37], [17, 39], [17, 42], [18, 38], [18, 39], [18, 44], [19, 38], [19, 40], [19, 45], [20, 41], [20, 42], [20, 48], [21, 41], [21, 43], [21, 49], [22, 44], [22, 46], [22, 52], [23, 45], [23, 47], [23, 56], [24, 46], [24, 47], [24, 60], [25, 48], [25, 50], [25, 52], [26, 49], [26, 51], [26, 54], [27, 50], [27, 51], [27, 59], [28, 53], [28, 54], [28, 57], [29, 55], [29, 56], [29, 58], [30, 57], [30, 58], [30, 61], [31, 59], [31, 60], [31, 61]], "faces": [[0, 12, 32], [0, 12, 33], [0, 13, 32], [0, 13, 35], [0, 14, 33], [0, 14, 34], [0, 15, 34], [0, 15, 36], [0, 16, 35], [0, 16, 36], [1, 12, 32], [1, 12, 37], [1, 13, 32], [1, 13, 40], [1, 17, 37], [1, 17, 39], [1, 18, 38], [1, 18, 39], [1, 19, 38], [1, 19, 40], [2, 12, 33], [2, 12, 37], [2, 14, 33], [2, 14, 43], [2, 17, 37], [2, 17, 42], [2, 20, 41], [2, 20, 42], [2, 21, 41], [2, 21, 43], [3, 18, 38], [3, 18, 44], [3, 19, 38], [3, 19, 45], [3, 22, 44], [3, 22, 46], [3, 23, 45], [3, 23, 47], [3, 24, 46], [3, 24, 47], [4, 20, 41], [4, 20, 48], [4, 21, 41], [4, 21, 49], [4, 25, 48], [4, 25, 50], [4, 26, 49], [4, 26, 51], [4, 27, 50], [4, 27, 51], [5, 17, 39], [5, 17, 42], [5, 18, 39], [5, 18, 44], [5, 20, 42], [5, 20, 48], [5, 22, 44], [5, 22, 52], [5, 25, 48], [5, 25, 52], [6, 14, 34], [6, 14, 43], [6, 15, 34], [6, 15, 53], [6, 21, 43], [6, 21, 49], [6, 26, 49], [6, 26, 54], [6, 28, 53], [6, 28, 54], [7, 13, 35], [7, 13, 40], [7, 16, 35], [7, 16, 55], [7, 19, 40], [7, 19, 45], [7, 23, 45], [7, 23, 56], [7, 29, 55], [7, 29, 56], [8, 15, 36], [8, 15, 53], [8, 16, 36], [8, 16, 55], [8, 28, 53], [8, 28, 57], [8, 29, 55], [8, 29, 58], [8, 30, 57], [8, 30, 58], [9, 22, 46], [9, 22, 52], [9, 24, 46], [9, 24, 60], [9, 25, 50], [9, 25, 52], [9, 27, 50], [9, 27, 59], [9, 31, 59], [9, 31, 60], [10, 26, 51], [10, 26, 54], [10, 27, 51], [10, 27, 59], [10, 28, 54], [10, 28, 57], [10, 30, 57], [10, 30, 61], [10, 31, 59], [10, 31, 61], [11, 23, 47], [11, 23, 56], [11, 24, 47], [11, 24, 60], [11, 29, 56], [11, 29, 58], [11, 30, 58], [11, 30, 61], [11, 31, 60], [11, 31, 61]], "degrees": {"0": 10, "1": 10, "2": 10, "3": 10, "4": 10, "5": 10, "6": 10, "7": 10, "8": 10, "9": 10, "10": 10, "11": 10, "12": 6, "13": 6, "14": 6, "15": 6, "16": 6, "17": 6, "18": 6, "19": 6, "20": 6, "21": 6, "22": 6, "23": 6, "24": 6, "25": 6, "26": 6, "27": 6, "28": 6, "29": 6, "30": 6, "31": 6, "32": 4, "33": 4, "34": 4, "35": 4, "36": 4, "37": 4, "38": 4, "39": 4, "40": 4, "41": 4, "42": 4, "43": 4, "44": 4, "45": 4, "46": 4, "47": 4, "48": 4, "49": 4, "50": 4, "51": 4, "52": 4, "53": 4, "54": 4, "55": 4, "56": 4, "57": 4, "58": 4, "59": 4, "60": 4, "61": 4}}