{"n_directed_edges": 360, "re": [5.2453570651677275, 3.946565045307608, -1.9659468565748734, -1.9659468565748734, -1.531301705218693, -1.531301705218693, 3.9465650453076093, 3.946565045307604, -1.531301705218705, -1.531301705218705, -1.1567316760089692, -1.1567316760089692, -0.40027026120235526, -0.40027026120235526, -0.4002702612023589, -0.4002702612023589, 1.3024650326244684, 1.3024650326244658, 1.7699170598855263, 1.7699170598855263, 1.7699170598855267, 1.7699170598855267, -0.8669440134249657, -0.8669440134249657, -0.8669440134249664, -0.8669440134249664, -0.8669440134249722, -0.8669440134249722, 0.9465393055436457, 0.9465393055436457, 0.9465393055436543, 0.9465393055436543, 0.9465393055436478, 0.9465393055436478, -1.093213333747348, -1.093213333747348, -1.0932133337473409, -1.0932133337473409, 1.0000000000000002, 1.0000000000000049, 1.0000000000000044, 0.9999999999999998, -1.5313017052186941, -1.5313017052186941, -0.4002702612023485, -0.4002702612023485, 1.3024650326244698, -0.5462690443412912, -0.5462690443412912, -0.5462690443412928, -0.5462690443412928, -0.9690170725116252, -0.9690170725116252, -0.9690170725116267, -0.9690170725116267, -1.0932133337473533, -1.0932133337473533, -1.0000000000000007, -1.0000000000000018, -1.0000000000000018, 1.7699170598855105, 1.7699170598855105, 1.7699170598855423, 1.7699170598855423, 0.8285479304806178, 0.8285479304806178, 0.8285479304806163, 0.8285479304806163, -1.0000000000000042, 0.4318468167113317, 0.4318468167113317, 0.4318468167113323, 0.4318468167113323, 0.43184681671133296, 0.43184681671133296, 0.4318468167113332, 0.4318468167113332, -0.5462690443413023, -0.5462690443413023, -0.43184681671133013, -0.43184681671133013, -0.4318468167113333, -0.4318468167113333, 0.06604402605106714, 0.06604402605106714, 0.06604402605107312, 0.06604402605107312, 0.06604402605106872, 0.06604402605106872, 0.06604402605107129, 0.06604402605107129, -0.8285479304806179, -0.8285479304806179, -0.8285479304806257, -0.8285479304806257, -0.8285479304806214, -0.8285479304806214, -0.828547930480627, -0.828547930480627, 0.82854793048062, 0.82854793048062, 0.8285479304806274, 0.8285479304806274, -0.43184681671133696, -0.43184681671133696, -0.43184681671133285, -0.43184681671133285, -1.7486012637846216e-15, -1.7486012637846216e-15, 5.551115123125783e-17, 5.551115123125783e-17, 1.7208456881689926e-15, 1.7208456881689926e-15, 0.0, 0.0, -0.9690170725116296, -0.9690170725116296, -0.9690170725116207, -0.9690170725116207, -0.8669440134249654, -0.8669440134249654, -0.8669440134249697, -0.8669440134249697, 0.999999999999998, 1.769917059885517, 1.769917059885517, -0.9690170725116192, -0.9690170725116192, 0.06604402605107024, 0.06604402605107024, 3.1918912288845496e-16, 3.1918912288845496e-16, 1.0000000000000013, 1.0000000000000002, 0.9999999999999988, 0.9999999999999986, -0.9999999999999998, -0.9999999999999989, -0.9999999999999989, -1.0000000000000018, -1.0000000000000013, -0.9999999999999996, -0.9999999999999981, 1.0000000000000009, 1.0000000000000007, -0.9999999999999999, -1.0000000000000018, -1.0, -0.9999999999999996, -0.9999999999999996, -1.0000000000000004, 1.0, 1.0000000000000018, 1.0000000000000004, 0.9999999999999997, 0.9999999999999983, 1.0000000000000007, 0.9999999999999994, 1.0, 0.9999999999999996, -1.0000000000000013, -0.9999999999999998, -0.9999999999999991, -0.999999999999999, 1.0000000000000007, 0.9999999999999998, 0.9999999999999998, 0.9999999999999996, 0.9999999999999987, -1.0000000000000009, -1.0, -1.0000000000000009, -0.9999999999999993, -0.9999999999999998, -0.9999999999999982, -0.9999999999999991, -0.9999999999999997, -0.9999999999999992, -1.0000000000000013, 0.9999999999999999, 0.9999999999999992, 1.0000000000000016, -1.0000000000000009, 1.0, 1.0000000000000009, 0.9999999999999983, 0.9999999999999999, 0.999999999999999, 1.0, 0.9999999999999993, 0.9999999999999993, -1.0000000000000018, -0.9999999999999993, 0.9999999999999994, 1.0000000000000002, -1.0000000000000024, -1.0, -1.0000000000000004, -1.0000000000000004, -0.9999999999999993, -0.9999999999999988, -0.9999999999999997, 1.000000000000001, 0.9999999999999978, 1.0000000000000002, 0.999999999999999, 1.0000000000000007, 0.9999999999999992, 1.0000000000000007, 1.0000000000000002, 0.9999999999999997, 0.9999999999999993, 0.9999999999999998, -1.0000000000000004, -1.0000000000000004, -0.9999999999999999, -0.9999999999999992, -1.0, 1.000000000000001, -1.0000000000000002, -1.0000000000000007, 1.000000000000001, 1.0000000000000009, 1.0, 0.9999999999999998, -0.9999999999999997, -0.999999999999999, 1.0000000000000009, -1.0, -0.9999999999999991, 1.000000000000001, -1.0000000000000009, -0.9999999999999997, -1.0000000000000004, -1.0000000000000004, -1.0000000000000004, -1.0000000000000009, 0.9999999999999996, -1.000000000000001, -0.9999999999999998, 0.9999999999999982, 0.9999999999999987, 1.0000000000000002, 0.9999999999999997, 1.0000000000000007, -1.000000000000001, -1.0000000000000002, -0.9999999999999983, -0.9999999999999994, -0.9999999999999989, 0.9999999999999999, 0.9999999999999997, -1.0000000000000013, -0.9999999999999993, -0.9999999999999998, 0.9999999999999993, 1.0000000000000004, 1.0000000000000004, -1.0, -0.9999999999999994, 0.9999999999999999, 0.999999999999999, -0.9999999999999993, -1.000000000000001, 0.9999999999999993, 1.0000000000000007, -0.9999999999999989, -1.0000000000000009, -1.0000000000000004, 0.9999999999999998, 1.0000000000000004, 1.0000000000000007, -0.9999999999999991, -1.0000000000000007, 1.0000000000000009, 0.9999999999999988, 0.9999999999999989, 1.0000000000000007, -1.0000000000000002, -0.9999999999999993, 1.0000000000000013, 0.9999999999999991, 1.0, -1.0, -0.9999999999999998, -1.0000000000000004, -1.0000000000000004, -1.0, 1.0000000000000022, -0.9999999999999999, -1.0000000000000016, -1.0000000000000009, 1.0000000000000007, 0.9999999999999987, -1.0000000000000002, -1.000000000000001, 0.9999999999999986, 0.9999999999999999, -1.0000000000000009, -1.0000000000000013, 0.9999999999999998, 1.0000000000000007, 1.0, 0.9999999999999993, 1.0000000000000002, 1.0000000000000004, 0.9999999999999994, -1.0000000000000004, -0.9999999999999999, 1.0000000000000016, 0.9999999999999998, -1.0000000000000004, -0.9999999999999994, 0.9999999999999992, 0.9999999999999999, -1.0, -0.9999999999999999, -1.0, 1.0, 0.9999999999999996, 1.0000000000000004, -1.0000000000000002, -0.9999999999999993, 0.9999999999999996, 1.0, -0.9999999999999996, -1.0000000000000002, 0.9999999999999996, 0.9999999999999991, 0.9999999999999999, -0.9999999999999984, -1.0000000000000002, 0.9999999999999997, 1.0000000000000004, -1.0000000000000009, -0.9999999999999984, -0.9999999999999989, -0.9999999999999996, 0.9999999999999988, 0.9999999999999999, -1.0, -1.0000000000000004, -1.0000000000000004, 1.0000000000000007, 1.0000000000000007, 1.0000000000000007, -1.0000000000000002, -1.0000000000000016, -1.0000000000000013, -1.000000000000001, 1.0000000000000002, 1.0000000000000007, 1.0000000000000002, 1.0000000000000016, 0.9999999999999996, 1.0000000000000002, -1.0, -0.9999999999999993, -1.0000000000000002, 1.0000000000000004],